/*
Navicat MySQL Data Transfer

Source Server         : localhost_3306
Source Server Version : 50626
Source Host           : localhost:3306
Source Database       : test1

Target Server Type    : MYSQL
Target Server Version : 50626
File Encoding         : 65001

Date: 2018-04-03 11:06:39
*/

SET FOREIGN_KEY_CHECKS=0;

-- ----------------------------
-- Table structure for article
-- ----------------------------
DROP TABLE IF EXISTS `article`;
CREATE TABLE `article` (
  `id` int(11) NOT NULL AUTO_INCREMENT,
  `content` varchar(255) DEFAULT '' COMMENT '文章内容',
  `create_time` timestamp NULL DEFAULT CURRENT_TIMESTAMP COMMENT '创建时间',
  `update_time` timestamp NULL DEFAULT CURRENT_TIMESTAMP ON UPDATE CURRENT_TIMESTAMP COMMENT '更新时间',
  `delete_status` varchar(1) DEFAULT '1' COMMENT '是否有效  1.有效  2无效',
  PRIMARY KEY (`id`)
) ENGINE=InnoDB AUTO_INCREMENT=20 DEFAULT CHARSET=utf8 COMMENT='发布号作者表';

-- ----------------------------
-- Records of article
-- ----------------------------
INSERT INTO `article` VALUES ('5', '莎士比亚', '2017-10-25 09:08:45', '2017-10-30 17:59:41', '1');
INSERT INTO `article` VALUES ('6', '亚里士多德', '2017-10-26 10:49:28', '2017-11-18 09:54:15', '1');
INSERT INTO `article` VALUES ('10', '亚历山大', '2017-10-26 14:57:45', '2017-11-08 13:28:52', '1');
INSERT INTO `article` VALUES ('11', '李白', '2017-10-26 15:23:42', '2017-10-26 15:23:42', '1');
INSERT INTO `article` VALUES ('19', '文章test2', '2017-11-18 13:37:07', '2017-11-18 13:37:11', '1');

-- ----------------------------
-- Table structure for sys_permission
-- ----------------------------
DROP TABLE IF EXISTS `sys_permission`;
CREATE TABLE `sys_permission` (
  `permission_id` int(11) NOT NULL DEFAULT '0' COMMENT '自定id,主要供前端展示权限列表分类排序使用.',
  `menu_code` varchar(255) DEFAULT '' COMMENT '归属菜单,前端判断并展示菜单使用,',
  `menu_name` varchar(255) DEFAULT '' COMMENT '菜单的中文释义',
  `permission_code` varchar(255) DEFAULT '' COMMENT '权限的代码/通配符,对应代码中@RequiresPermissions 的value',
  `permission_name` varchar(255) DEFAULT '' COMMENT '本权限的中文释义',
  `required_permission` tinyint(1) DEFAULT '2' COMMENT '是否本菜单必选权限, 1.必选 2非必选 通常是"列表"权限是必选',
  PRIMARY KEY (`permission_id`)
) ENGINE=InnoDB DEFAULT CHARSET=utf8 ROW_FORMAT=COMPACT COMMENT='后台权限表';

-- ----------------------------
-- Records of sys_permission
-- ----------------------------
INSERT INTO `sys_permission` VALUES ('101', 'article', '文章管理', 'article:list', '列表', '1');
INSERT INTO `sys_permission` VALUES ('102', 'article', '文章管理', 'article:add', '新增', '2');
INSERT INTO `sys_permission` VALUES ('103', 'article', '文章管理', 'article:update', '修改', '2');
INSERT INTO `sys_permission` VALUES ('601', 'user', '用户', 'user:list', '列表', '1');
INSERT INTO `sys_permission` VALUES ('602', 'user', '用户', 'user:add', '新增', '2');
INSERT INTO `sys_permission` VALUES ('603', 'user', '用户', 'user:update', '修改', '2');
INSERT INTO `sys_permission` VALUES ('701', 'role', '角色权限', 'role:list', '列表', '1');
INSERT INTO `sys_permission` VALUES ('702', 'role', '角色权限', 'role:add', '新增', '2');
INSERT INTO `sys_permission` VALUES ('703', 'role', '角色权限', 'role:update', '修改', '2');
INSERT INTO `sys_permission` VALUES ('704', 'role', '角色权限', 'role:delete', '删除', '2');

-- ----------------------------
-- Table structure for sys_role
-- ----------------------------
DROP TABLE IF EXISTS `sys_role`;
CREATE TABLE `sys_role` (
  `role_id` int(11) NOT NULL AUTO_INCREMENT,
  `role_name` varchar(32) NOT NULL COMMENT '角色名',
  `create_time` varchar(255) DEFAULT NULL COMMENT '创建日期',
  `update_time` varchar(255) DEFAULT NULL COMMENT '更新日期',
  `delete_status` varchar(255) DEFAULT NULL COMMENT '是否有效  1有效  2无效',
  KEY `id` (`role_id`)
) ENGINE=InnoDB AUTO_INCREMENT=4 DEFAULT CHARSET=utf8;

-- ----------------------------
-- Records of sys_role
-- ----------------------------
INSERT INTO `sys_role` VALUES ('1', 'admin', null, null, null);
INSERT INTO `sys_role` VALUES ('2', 'manager', null, null, null);
INSERT INTO `sys_role` VALUES ('3', 'normal', null, null, null);
INSERT INTO `sys_role` VALUES ('1', '管理员', '2017-11-22 16:24:34', '2017-11-22 16:24:52', '1');
INSERT INTO `sys_role` VALUES ('2', '作家', '2017-11-22 16:24:34', '2017-11-22 16:24:52', '1');
INSERT INTO `sys_role` VALUES ('3', '程序员', '2017-11-22 16:28:47', '2017-11-22 16:28:47', '1');

-- ----------------------------
-- Table structure for sys_role_permission
-- ----------------------------
DROP TABLE IF EXISTS `sys_role_permission`;
CREATE TABLE `sys_role_permission` (
  `id` int(11) NOT NULL AUTO_INCREMENT,
  `role_id` int(11) DEFAULT NULL COMMENT '角色id',
  `permission_id` int(11) DEFAULT NULL COMMENT '权限id',
  `create_time` timestamp NULL DEFAULT CURRENT_TIMESTAMP,
  `update_time` timestamp NULL DEFAULT CURRENT_TIMESTAMP ON UPDATE CURRENT_TIMESTAMP,
  `delete_status` varchar(1) DEFAULT '1' COMMENT '是否有效 1有效     2无效',
  PRIMARY KEY (`id`)
) ENGINE=InnoDB AUTO_INCREMENT=20 DEFAULT CHARSET=utf8 COMMENT='角色-权限关联表';

-- ----------------------------
-- Records of sys_role_permission
-- ----------------------------
INSERT INTO `sys_role_permission` VALUES ('1', '2', '101', '2017-11-22 16:26:21', '2017-11-22 16:26:32', '1');
INSERT INTO `sys_role_permission` VALUES ('2', '2', '102', '2017-11-22 16:26:21', '2017-11-22 16:26:32', '1');
INSERT INTO `sys_role_permission` VALUES ('5', '2', '602', '2017-11-22 16:28:28', '2017-11-22 16:28:28', '1');
INSERT INTO `sys_role_permission` VALUES ('6', '2', '601', '2017-11-22 16:28:28', '2017-11-22 16:28:28', '1');
INSERT INTO `sys_role_permission` VALUES ('7', '2', '603', '2017-11-22 16:28:28', '2017-11-22 16:28:28', '1');
INSERT INTO `sys_role_permission` VALUES ('8', '2', '703', '2017-11-22 16:28:28', '2017-11-22 16:28:28', '1');
INSERT INTO `sys_role_permission` VALUES ('9', '2', '701', '2017-11-22 16:28:28', '2017-11-22 16:28:28', '1');
INSERT INTO `sys_role_permission` VALUES ('10', '2', '702', '2017-11-22 16:28:28', '2017-11-22 16:28:28', '1');
INSERT INTO `sys_role_permission` VALUES ('11', '2', '704', '2017-11-22 16:28:31', '2017-11-22 16:28:31', '1');
INSERT INTO `sys_role_permission` VALUES ('12', '2', '103', '2017-11-22 16:28:31', '2017-11-22 16:28:31', '1');
INSERT INTO `sys_role_permission` VALUES ('13', '3', '601', '2017-11-22 16:28:47', '2017-11-22 16:28:47', '1');
INSERT INTO `sys_role_permission` VALUES ('14', '3', '701', '2017-11-22 16:28:47', '2017-11-22 16:28:47', '1');
INSERT INTO `sys_role_permission` VALUES ('15', '3', '702', '2017-11-22 16:35:01', '2017-11-22 16:35:01', '1');
INSERT INTO `sys_role_permission` VALUES ('16', '3', '704', '2017-11-22 16:35:01', '2017-11-22 16:35:01', '1');
INSERT INTO `sys_role_permission` VALUES ('17', '3', '102', '2017-11-22 16:35:01', '2017-11-22 16:35:01', '1');
INSERT INTO `sys_role_permission` VALUES ('18', '3', '101', '2017-11-22 16:35:01', '2017-11-22 16:35:01', '1');
INSERT INTO `sys_role_permission` VALUES ('19', '3', '603', '2017-11-22 16:35:01', '2017-11-22 16:35:01', '1');

-- ----------------------------
-- Table structure for sys_user
-- ----------------------------
DROP TABLE IF EXISTS `sys_user`;
CREATE TABLE `sys_user` (
  `user_id` int(11) NOT NULL AUTO_INCREMENT COMMENT '用户ID',
  `username` varchar(32) NOT NULL COMMENT '用户名',
  `password` varchar(32) NOT NULL COMMENT '密码',
  `role_id` int(11) DEFAULT NULL COMMENT '角色ID',
  `nick_name` varchar(255) DEFAULT NULL COMMENT '昵称',
  `create_time` varchar(255) DEFAULT NULL COMMENT '创建时间',
  `update_time` varchar(255) DEFAULT NULL COMMENT '修改时间',
  `delete_status` varchar(255) DEFAULT NULL COMMENT '是否有效  1有效  2无效',
  `user_sex` varchar(255) DEFAULT NULL COMMENT '性别',
  PRIMARY KEY (`user_id`)
) ENGINE=InnoDB AUTO_INCREMENT=4 DEFAULT CHARSET=utf8;

-- ----------------------------
-- Records of sys_user
-- ----------------------------
INSERT INTO `sys_user` VALUES ('1', 'tom', '123456', '1', null, null, null, null, null);
INSERT INTO `sys_user` VALUES ('2', 'jack', '123456', '2', null, null, null, null, null);
INSERT INTO `sys_user` VALUES ('3', 'rose', '123456', '3', null, null, null, null, null);

-- ----------------------------
-- Table structure for sys_user_info
-- ----------------------------
DROP TABLE IF EXISTS `sys_user_info`;
CREATE TABLE `sys_user_info` (
  `Id` int(11) NOT NULL AUTO_INCREMENT,
  `username` varchar(32) NOT NULL DEFAULT '' COMMENT '用户名',
  `password` varchar(32) DEFAULT NULL COMMENT '密码',
  `usertype` varchar(2) DEFAULT NULL COMMENT '用户类型',
  `enabled` int(2) DEFAULT NULL COMMENT '是否可用',
  `realname` varchar(32) DEFAULT NULL COMMENT '真实姓名',
  `qq` varchar(14) DEFAULT NULL COMMENT 'QQ',
  `email` varchar(100) DEFAULT NULL,
  `tel` varchar(255) DEFAULT NULL COMMENT '联系电话',
  PRIMARY KEY (`Id`)
) ENGINE=InnoDB AUTO_INCREMENT=6 DEFAULT CHARSET=utf8 COMMENT='用户信息表';

-- ----------------------------
-- Records of sys_user_info
-- ----------------------------
INSERT INTO `sys_user_info` VALUES ('1', 'test1', '12345678', '1', null, null, null, null, null);
INSERT INTO `sys_user_info` VALUES ('2', 'test2', 'aaaa', '2', null, null, null, null, null);
INSERT INTO `sys_user_info` VALUES ('3', 'test3', 'bbbb', '1', null, null, null, null, null);
INSERT INTO `sys_user_info` VALUES ('4', 'test4', 'cccc', '2', null, null, null, null, null);
INSERT INTO `sys_user_info` VALUES ('5', 'test5', 'dddd', '1', null, null, null, null, null);
